prompt,output,timestamp
"write merge sort code 
","'
Here is an example of how you can implement merge sort in Java:
```
public static void mergeSort(int[] arr) {
    // If the length of the array is less than or equal to 1, return
    if (arr.length <= 1) {
        return;
    }
    
    // Divide the array into two halves
    int mid = arr.length / 2;
    int[] left = Arrays.copyOfRange(arr, 0, mid);
    int[] right = Arrays.copyOfRange(arr, mid, arr.length);
    
    // Recursively sort the two halves
    mergeSort(left);
    mergeSort(right);
    
    // Merge the sorted halves into a single sorted array
    merge(left, right, arr);
}

private static void merge(int[] left, int[] right, int[] arr) {
    // Initialize variables to keep track of the two sorted arrays and the result array
    int leftIndex = 0;
    int rightIndex = 0;
    int resultIndex = 0;
    
    while (leftIndex < left.length && rightIndex < right.length) {
        if (left[leftIndex] <= right[rightIndex]) {
            arr[resultIndex++] = left[leftIndex++];
        } else {
            arr[resultIndex++] = right[rightIndex++];
        }
    }
    
    // Copy any remaining elements from the left or right array to the result array
    while (leftIndex < left.length) {
        arr[resultIndex++] = left[leftIndex++];
    }
    while (rightIndex < right.length) {
        arr[resultIndex++] = right[rightIndex++];
    }
}
```
This code uses the divide-and-conquer approach to sort an array of integers using the merge sort algorithm. The method `mergeSort` takes an integer array as input and sorts it in place using a recursive algorithm. The `merge` method is used to merge two sorted arrays into a single sorted array.",2025-07-07 16:55:49.588801
"write merge sort code 
","'
Here is an example of how you can implement merge sort in Java:
```
public static void mergeSort(int[] arr) {
    // If the length of the array is less than or equal to 1, return
    if (arr.length <= 1) {
        return;
    }
    
    // Divide the array into two halves
    int mid = arr.length / 2;
    int[] left = Arrays.copyOfRange(arr, 0, mid);
    int[] right = Arrays.copyOfRange(arr, mid, arr.length);
    
    // Recursively sort the two halves
    mergeSort(left);
    mergeSort(right);
    
    // Merge the sorted halves into a single sorted array
    merge(left, right, arr);
}

private static void merge(int[] left, int[] right, int[] arr) {
    // Initialize variables to keep track of the two sorted arrays and the result array
    int leftIndex = 0;
    int rightIndex = 0;
    int resultIndex = 0;
    
    while (leftIndex < left.length && rightIndex < right.length) {
        if (left[leftIndex] <= right[rightIndex]) {
            arr[resultIndex++] = left[leftIndex++];
        } else {
            arr[resultIndex++] = right[rightIndex++];
        }
    }
    
    // Copy any remaining elements from the left or right array to the result array
    while (leftIndex < left.length) {
        arr[resultIndex++] = left[leftIndex++];
    }
    while (rightIndex < right.length) {
        arr[resultIndex++] = right[rightIndex++];
    }
}
```
This code uses the divide-and-conquer approach to sort an array of integers using the merge sort algorithm. The method `mergeSort` takes an integer array as input and sorts it in place using a recursive algorithm. The `merge` method is used to merge two sorted arrays into a single sorted array.",2025-07-07 16:55:51.754854
